state,instructions
12345672121232,1612048
12345672123212,1598166
12345672321212,1712303
12345673131323,1594018
12345673132313,2269553
12345673231313,1936989
12345761111111,2577878
12346571111231,1215607
12346751113133,2182539
12347561112212,1575789
12347651111111,4118492
12347651122112,1536897
12347651133311,2028217
12347652111221,1398490
12347652123233,1534468
12347652123332,1667153
12347652223232,1107714
12347653111133,1446305
12347653132223,1365067
12347653132322,1257517
12347653332323,1315573
12354671111111,2855568
12354761112323,3648481
12354762121112,1488928
12354762121211,1607169
12354762311123,1073463
12354763131131,1414786
12354763133111,1315282
12354763211123,1186033
12356471113133,1600469
12356741133131,2521526
12356741313131,1984325
12356743113131,1461963
12357461111222,1840611
12357461113331,1882308
12357462211112,1539137
12357641113331,1955953
12364571112212,1880431
12364751112212,1578974
12364751113133,1815862
12364753311131,1357345
12365471111111,3250214
12365471211122,1603103
12365471313113,1098584
12365472223232,1096594
12365472321233,1206439
12365473232312,963908
12365473332323,1245459
12365741113331,1724243
12367451123333,3401361
12367451132222,2367715
12367451213333,1854162
12367451312222,2496347
12367452113333,1596190
12367453112222,1546269
12367541112212,2220855
12367541113331,2886872
12367541331131,1228108
12374561121212,3400856
12374561211212,2033790
12374562111212,1620224
12374651111222,1853579
12375461111222,2046770
12375641113112,1308789
12376451111222,2182748
12376451113133,2183218
12376451221211,1413051
12376541112323,2827699
12376541232233,1899399
12376541322233,1387335
12376542121232,1379123
12376542123212,1402937
12376543133132,1197787
12376543133231,1127305
12456731132321,2372676
12456731233223,1254365
12456733223321,960579
12463751231231,1160041
12467351131121,1368076
12467351231321,1230114
12473561132123,1472476
12536741112323,2008881
12537461332112,1116636
12543671111111,2829396
12543671211212,1364401
12543671331113,1354087
12543672121121,1177458
12543672321332,878238
12543672322232,954283
12543672331232,861344
12543673111331,1195287
12543673221323,1133501
12543673231223,1048253
12543673233323,1194929
12546371221331,1125488
12563472131213,1296701
12563473131212,1398523
12564733323122,1073454
12567433232333,976945
12576343212221,1163551
12637451132111,1536976
12637451332112,1039629
12643571321321,1047090
12645371131121,1340327
12673542331133,1280448
12734561112323,2053070
12734561322233,1279459
12734562313223,865995
12745631111111,5634499
12745632111122,1375630
12745632212213,1963085
12745632222221,1344006
12745632232211,1525354
12745633131131,1200882
12745633313312,1288710
12745633313333,1401811
12745633323311,1372257
12753462231323,1323980
12763452322232,955350
12765432121313,1110618
12765432222212,2173333
12765433121213,1623707
12765433331333,1561882
13245671321111,1579614
13246571111111,2565287
13246571112233,1527262
13246571113232,1655909
13246572321332,1330615
13246572331232,1036508
13246573221233,1146786
13246573321223,1139767
13246752133211,1627594
13247563212131,1401814
13254761322233,1606481
13254761323322,1356360
13254762321233,1447375
13254763323122,1030883
13257641112233,1574828
13265741112323,2834915
13265742131312,1563594
13267451122211,1785388
13267451311133,1902830
13267541111132,1917614
13267541232212,1712854
13274651112323,2422409
13275461112233,1717093
13275463213211,1358862
13275641112233,1974689
13275641112323,3075432
13275642131333,1109870
13275643212221,1428002
13276451113211,2228908
13276451233133,1778722
13276541133122,1433753
13276541213312,2005068
13276541321123,1319790
13276541322311,1644217
13276541323112,1162717
13276541323322,1285783
13276542323312,1158939
13276543323122,884437
13462571111111,2208504
13462572213311,1003355
13527461211113,1264049
13542671231231,1163194
13546271213213,957198
13546271231231,1643821
13546271321321,1091600
13572641122133,2795445
13576241312213,2435621
13576241321321,1025134
13627451332112,1094639
13642571221223,1443860
13642571223221,1747413
13642573221221,1590587
13645271221331,1135398
13647521111111,1839449
13675241112323,1781834
13675242331313,1041145
13725642332132,1304165
13754262123323,2240900
13762451321321,889330
13764251211311,1066623
13764252323231,968091
13765422121211,1384016
14263751131121,1569909
14267351321321,1059172
14275633323122,1046972
14325671111111,5323262
14325672112121,1209250
14325672231323,1234048
14325672323222,1206389
14325673123232,1094500
14325673232333,964106
14325673311131,1769435
14327652131213,1380296
14327653121213,1747667
14352672212111,1244613
14356721112323,1848880
14356721322233,2048304
14367252322232,1109616
14367523311113,2581469
14523672121313,1366754
14523673121312,1947456
14527631121311,1439958
14527631131211,1358056
14527631133311,1421797
14527631211131,1533932
14527631311121,1547600
14527632122213,1077145
14527632212111,1108596
14527632333332,1325836
14527633132322,990519
14527633312133,1036137
14536273311311,1351337
14537622231323,987915
14563272323222,862732
14567231312213,2147632
14567231321123,1398542
14573261333111,1714949
14625731111111,2258718
14625731131121,1498318
14625731322233,1636201
14625732112121,1173756
14625732113321,1614696
14625732213323,1362195
14625732233111,1444647
14625733133111,918853
14632571111111,2771824
14632571321132,1411326
14652733321331,1403653
14673251111111,2379860
14723651111213,1341466
14723651111312,1739113
14723651112131,1651913
14723651113121,1397532
14723651211212,1086151
14723652322121,1049743
14723652331232,1125614
14723653232222,873896
14723653313111,1014173
14723653321313,1772107
14725361111111,1686937
14725361111123,1213805
14725361322332,1444177
14725362211121,1532731
14725363211213,1388578
14725363213121,1006958
14725363223213,1263253
14725363311113,1623667
14726531223122,1617486
14726531232122,2086260
14726531233313,1500646
14726531333312,1303753
14726532232313,1139852
14726533323122,981205
14735621221112,1288380
14735621223113,923892
14735621223332,1933174
14735621233112,1454059
14735621323112,1421677
14735621332112,916838
14735621333111,1339870
14735621333222,1147223
14736251111132,1431880
14736251112332,1339216
14736253222223,1090384
14736521132222,1234799
14736521133131,1453132
14736521211212,1202544
14736521213333,1264385
14736521221313,1199359
14736521321231,1974062
14736521322233,1555995
14736521332121,1379440
14736523112222,1179907
14736523113131,1037189
14752363222121,955284
14752363232222,1461847
14752363233131,1110460
14752631111111,2359281
14752631112311,1727719
14752631323223,1265894
14752632332132,1025309
14752633213223,1141965
14752633222223,1099214
14752633223123,1400925
14752633223231,1074764
14753261221112,1425608
14753261323112,1550725
14753261333111,1414349
14762351221331,1201274
14762351321231,1621809
14762351331221,1066664
14763251221223,1914219
14763251222312,2047111
14763251332331,1535327
14763251333123,1604819
14763252322121,1443529
14763253132232,1168725
14763253133132,1265544
14763253133222,1496962
14763253133231,1366913
14763253221221,1512417
14763253222112,1485206
14763521113211,1587205
14763521113223,1184229
14763523222331,1089679
14765231111213,1693144
14765231111312,1719916
14765231112131,1647944
14765231113121,1468548
14765231133131,1230963
14765232211211,1296847
14765232232322,1003458
14765232331313,1077393
14765233113131,1163346
14765233323332,977345
15236471111111,2368235
15236473231121,1154846
15243671331221,1122530
15246371331332,1808510
15246371332331,1299019
15246372331331,1162629
15267431223113,1106374
15273641112323,2385039
15324673113311,1639808
15342671211311,1278851
15346271321321,956154
15367421211113,1948521
15367421223113,985889
15367423211123,1555519
15426371111111,1887260
15426371112233,1390102
15463271313113,1634195
15624732123212,1869381
15624732133313,1346975
15624732333332,990581
15627431223113,1110768
15627431322113,1516730
15627431332112,1099659
15634722123332,1865310
15634722321233,1117934
15637423211123,1863015
15642371111111,3694375
15642372213311,1259177
15642372231332,1040012
15642372331322,1186411
15642373212311,1422087
15642373221323,1561903
15642373231223,1424969
15643271221331,1213432
15643271331221,1233126
15643273223111,1276571
15647233213232,984506
15672341113232,1500770
15672341323112,1356282
15672342323312,1088846
15672343213232,935838
15672433312133,1312458
15724362212132,1117696
15724631111111,2024000
15724631211311,1485075
15724631322233,1767655
15724632123233,1838244
15724632313223,1189621
15724632323231,1309536
15724632323333,1171221
15724633132322,1007886
15734622331223,1129761
15746321111111,2548166
15746321323211,1348010
15746322313112,1116155
15762342122213,1957548
15763241111111,2417440
15763242323132,946267
16243571132132,1040345
16243571231231,1300370
16243571321321,967509
16245371231231,1288976
16254733312223,2229026
16257431132111,1567612
16257433223123,1043692
16273541122133,2050863
16273541321321,1443660
16275341312213,2665395
16275343122221,1038699
16327453232333,932530
16342571331221,1176692
16345271111111,3405066
16345271133131,1230513
16345271222111,1749421
16345272322232,1184052
16345272333212,1031003
16345273122323,1342886
16345273233323,1453977
16347252131312,1674751
16347253121312,1713765
16357421223113,1093952
16374521112323,1809725
16374523211123,1444424
16423572112121,1180433
16427531211311,1335009
16427531231321,1618681
16427532333233,1826409
16453271111111,2443526
16453271211113,1415527
16453272111131,1017442
16475233132313,1687832
16523473332323,951246
16523741112212,1566425
16524731112212,2079168
16524731112233,1733489
16524731113133,1597636
16527341111111,1645798
16527431123333,2101438
16527431222132,2510773
16527431312222,2906634
16527431333213,1861119
16527432113333,1647132
16527432211322,1729135
16527432231122,1446440
16527432231332,1258555
16527432331322,1289702
16527432333113,1520185
16527433312133,1410252
16532471111222,1796000
16534271111111,2058907
16534271111132,1201076
16534273211111,1329627
16534723211123,1998205
16537421111222,1271198
16537421113322,1330259
16537421113331,1571984
16537421223113,924298
16537421233112,1519275
16537421332112,980092
16542371221331,969405
16542371331221,1116893
16542372112331,1465195
16543271221223,1952219
16543271223221,1811532
16543271331332,1886382
16543271332331,1517435
16543272331331,1237058
16543273221221,1615215
16543721111111,1948305
16543721113211,1351682
16547233332323,1135588
16547321113331,2030588
16572431111111,2332736
16572433213223,1089861
16573241123123,1506211
16573241312312,1126311
16574231113133,1443888
16723451122133,1866701
16723451322311,1277741
16725431121311,1343096
16725431131211,1351229
16725431211122,1510192
16725431211131,1692516
16725431311121,1287872
16725432211121,1689931
16725432232223,855539
16725433113311,811587
16725433122212,894077
16725433333232,755961
16735242122213,1560850
16742352232313,1206410
16743252323222,910374
16745232121313,1460387
16745232122222,1190938
16745233121213,1495477
16745233333313,1924632
16753241221112,1826027
17246351111111,2255571
17265433111313,2233650
17324561211323,1530194
17324561232332,1123249
17326452212111,2099599
17356241212313,1262412
17356242211331,1640600
17362451211311,1281680
17362451231321,1289083
17362452213311,1574388
17364251231231,1389178
17423653213232,1076577
17425631122112,1657262
17425631223113,1123619
17425631313113,1354002
17425631322113,1503243
17425631322332,1886548
17425631323112,1411383
17425631323223,1263021
17425631332112,1148397
17426531112233,1624963
17426531121212,1714778
17426531132312,1650989
17426531213123,1479496
17426531223221,1146547
17426531232233,2438505
17426531313131,1603156
17426531331332,1289937
17426532121211,1556348
17426532331331,1056401
17435622211133,1558674
17435623211123,2092425
17436521323232,1495481
17452363213232,989755
17452363322132,951839
17452633213232,1505598
17453262211133,1120870
17462352213311,1266964
17463251122112,1334263
17463251221331,991740
17463251313113,1417399
17463251321231,1327178
17463251323112,1514015
17463251331221,1079555
17526431131121,1237325
17526431231321,1638735
17526432123233,1997199
17543261111111,2554803
17543261132111,1190143
17642531111111,2012022
17642531112233,1769725
17642533312211,998222
17643251122112,1416929
21345671111111,1764818
21345762223322,2182541
21345762312323,1750049
21345762313223,1540030
21345763332233,1762931
21346752313322,2161180
21347562312323,2409560
21354671122112,1299392
21354671131313,1703673
21354671221112,1267571
21354672311123,1780705
21354672311132,2063891
21354672313211,5110305
21354673131113,1227760
21354761112233,1372794
21354761112311,1290921
21354761113211,1407771
21354761113322,1273278
21354761122211,1612469
21354761133311,1512148
21354762213311,1481638
21354763312211,1739934
21357462311111,2031561
21357463213331,1175212
21357642221132,2062086
21364752311111,1654889
21364753212212,1132853
21365742221312,1581316
21365742312323,1704897
21367451311331,1198873
21367452112112,1016235
21374653333121,1243041
21375462312233,1561105
21375463333211,1773930
21376541111123,1355651
21376541112311,1261797
21376541122211,1670467
21376541131133,1308635
21457631321123,1844497
21473563331312,1822893
21536742222131,2034625
21654372231323,2177345
21654372233321,1505850
21654373332122,1345695
21654373332221,1379205
21734652123131,1412829
23147562123131,1755831
23147651112323,1321265
23147652312323,1288352
23156471222132,1116918
23156471333132,1237536
23156473323332,1120966
23157461231333,1609734
23157462131123,2186080
23164573213133,1161125
23164752131312,1898288
23164753333313,1645116
23165471111111,1330508
23165471311133,1191470
23165471312132,1011014
23165472111122,1257636
23165472111332,1014526
23165472132332,1595099
23165472311111,1231751
23165473233221,1709720
23165741112323,1935932
23165741231312,1556844
23165742123131,1796675
23165742131321,2715939
23165742131333,3354249
23165742312323,1747732
23165743331312,2285821
23167541233322,1490278
23167542131222,1805097
23174652123131,1728570
23175463211222,1206378
23176452132221,1494963
23176453332233,1709880
23416752121211,1773606
23417563232123,953038
23456173212332,1006380
23456173233122,1046813
23456713212332,1107273
23475162121112,1712233
23517462131333,1822514
23576412233321,1079753
23576412312323,1475670
23657142121112,1968295
23671452122333,2515245
23674153232321,931106
23751461132123,1171714
23751463112321,1309151
23756143222331,1154661
23756411222312,1520035
23756413222112,1558520
23756413223312,1279867
23756413322312,1351695
24153672321233,1807733
24157361313212,1085683
24157362323111,1389887
24167353132232,2012436
24173652323231,1293973
24315673311311,2325890
24315761122322,1450254
24315762213323,2263816
24351671212211,1649050
24351673111133,1834757
24351673311311,2071534
24351761111123,2504282
24351761212232,1268503
24367511323112,1462463
24367513111121,967295
24376512222122,2287677
24516732233111,2256784
24531673123121,1178727
24536713231232,1305907
24537613231322,1937515
24561372111131,1656693
24563711121212,1880744
24563712121232,2394897
24563713121222,2351211
24571362221213,1791234
24571631121212,1438233
24615371112332,1191663
24615372213311,3038745
24615731122313,1943153
24615731132333,2607369
24615732111323,1876669
24615732213311,1768085
24615732233321,1903532
24615733113323,2214468
24615733311122,1402909
24617532233321,2171116
24637512311132,2472705
24651731113223,1099869
24651731333333,1108446
24715363311332,1352154
24715631111111,1587816
24715631122121,1464840
24715631122133,1259111
24715632313223,1832468
24715633112111,872711
24715633131131,1565372
24716532323231,1935428
24731561111111,2623207
24731562311231,1714953
24736512222332,2537451
24751362221231,2891326
24751362321113,2595548
24761531221223,1662368
24763151111111,1429050
24765313222112,1371283
25134672233321,1856546
25134672312323,1067162
25134672313211,1577330
25137461111111,1403931
25137461211323,980825
25163741112323,1275324
25314673111313,3046730
25314673111331,2648430
25314673131311,2929036
25341673113311,2792292
25341762313223,2212877
25364172311231,2289380
25364173223231,1210661
25367411211122,2026632
25413672323111,2550756
25413763121222,1573396
25436711311313,1077223
25436712123122,1460870
25436712123332,2016790
25436712132122,1339085
25436712323231,1308223
25436713232321,1148574
25436713332122,1401001
25463713212332,1274432
25471362323132,1554219
25471631312213,1722875
25631741212121,2685115
25634713321232,1650379
25641371213132,1294573
25714632123131,2329022
25714632223331,1699483
25714632313211,5581340
25714633121333,1749133
25716431212223,1679399
25716433223213,1174055
25731642232211,2924085
25734162221111,1423519
25734613113323,1871402
25736141111123,1438978
25736141233232,1692979
25736411133113,1163086
25736411231321,1347322
25736411321312,1032521
25736411331113,1135674
25736413123112,1211652
25741361232113,1962003
25741632222323,1479834
25741632312323,1390714
25743611233232,1261131
25763142223133,1769397
25763411332322,1359778
26135742132221,1675445
26135742213323,1335492
26135742332312,1423976
26153471122121,1376317
26153473131131,1610118
26153473132121,1242253
26154372332213,3113382
26175432331133,1716691
26317451212211,2311763
26345711223113,861948
26371453112111,1220769
26415731322323,1243294
26415732121223,1105227
26415732233321,1723696
26435712222122,3239632
26435712233321,1741045
26435712311132,2286863
26435712322322,2819261
26435713311122,1583699
26435713333133,1447441
26437512122312,1810514
26453172211133,1878497
26453711333333,942283
26513471122121,1470963
26517343333313,1640015
26534713333313,1863065
26543171111111,1362999
26543171123111,936370
26547313131323,2048871
26573413331312,1476827
26714531212133,1623169
26714532121133,1668425
26715433231322,1315485
26741351232113,1255838
26743512121232,2358260
27134561131133,1793576
27154632311132,1137889
27314652313211,2611450
27365412321212,2456449
27415363131113,1663104
27415632323231,1954830
27415633321322,1880716
27416532133232,1341097
27416533321232,1494749
27435612122222,2007812
27453161123111,1039336
27453161132111,1192429
27456133132223,1428330
27516341111111,1116103
27534161111111,1154596
27534161111123,1589465
27534162311111,1313535
27534612311132,2162423
27536412332312,1683428
27543611111123,1347468
27543611111132,1246510
27546312231122,2839153
27613543333133,1641999
27614353311332,1359289
27615431312333,1544642
27615432113321,2530345
27615433313213,1304366
27634511131133,1072088
27634512233321,1469503
27643513311233,1764373
31246753312211,2551531
31247651113232,1436673
31247651323232,1445721
31256471231222,1454423
31257462222221,1515771
31257462312311,1550896
31257643311122,2190400
31264572122213,1424850
31264573132313,1212041
31264573222223,1208906
31264752132122,1098341
31264752313121,2031820
31265471111111,2064408
31265471122112,1145993
31265471122133,1443813
31265471312213,1675552
31265471313113,1181258
31265471321111,1135712
31265472233321,1939337
31265472312233,1721949
31265741233331,1529841
31267542222233,1361406
31267542313133,2678363
31275461112233,1633215
31275461322233,1894863
31275462133211,1187322
31275462223211,1134429
31275462311213,2353259
31275462312212,2492734
31275463311122,2742252
31276452133322,1014044
31276452313313,1832125
31452671323211,1216825
31452671332232,1120894
31452672322331,1170564
31456722111221,1304992
31462751111111,1407937
31462751113322,1332015
31475261322233,1527949
31475262331313,1719811
31475262333221,1507070
31524673332122,1795064
31527643332122,939241
31564272212111,2075931
31564272213311,1112471
31564273113311,1564970
31572461122133,1339800
31624751112233,972354
31624753312211,1302826
31627452221333,1703418
31654272313322,2109190
31754621331122,1817436
31765242322121,1433587
32145671111111,2477215
32145671123333,1351564
32145671132222,1738011
32145671221112,1085903
32145671333333,1385914
32145672113333,1091077
32145672212222,907032
32145673112222,952983
32145673311113,1719822
32146751232323,1848647
32146752232223,2251716
32147562313223,1187632
32147562333233,2559949
32147651123333,1757224
32147651132222,1939623
32147651213333,1912076
32147651312222,1863304
32147652113333,1982793
32147652231332,1889384
32147652233213,2783715
32147652331322,1703984
32147652332213,2230950
32147653112222,1906938
32156471111111,1502052
32156471113211,934659
32156471232332,1031784
32156472312332,1044545
32156472332132,1219102
32156472332321,1255757
32156472333332,1626142
32156473223123,921568
32156741112323,2252996
32156742311123,1508160
32156742313223,1540300
32156742333131,1286297
32157641232323,1807938
32157642231323,1719266
32164571111111,1739121
32164571111231,990861
32164571232323,1737223
32164572232223,1977337
32164572232313,1909592
32164572233321,2035863
32164572312323,1421666
32164573323212,978150
32165741111111,1989350
32165741111132,922217
32165741233223,1146604
32165742211112,1219029
32165742331112,1374002
32165743311131,1328309
32167451111111,1825553
32167451213333,1072312
32167451222222,949707
32167451312222,1202872
32167451333111,1232099
32167452211121,1031397
32167453222313,841690
32167453313333,1327641
32167453321232,983835
32174561112323,1699029
32174561232113,2210747
32174561232233,2123114
32174562231212,1936979
32174652312332,1050662
32174652332132,1245297
32175461111111,1676122
32175461113112,966281
32175461221112,976180
32175461333111,1341192
32175462233111,2036848
32175462312323,1741119
32416753121222,2367069
32417562113321,2279435
32417652132131,1001410
32417653132121,908606
32451762331121,1020152
32456173212332,1207401
32456711233133,2018011
32465172112121,1287109
32465172132131,1262258
32465172133121,1015816
32465172332321,1277657
32465173123121,1010576
32465173132121,1085871
32465173133111,1414551
32465173233221,1373234
32475161232323,1474271
32475163331222,1179974
32476513232231,1048918
32517463131311,2388155
32546713323212,1337426
32547611121113,1331402
32547611131112,1943557
32547611213111,1002306
32547611312111,1187701
32547612111311,1087616
32547613111211,1350468
32561471113133,1441773
32561471121311,1616879
32561471122211,1415129
32561471131211,1633746
32561471211131,1709016
32561471311121,1293125
32561472133313,1892520
32561472213122,1517947
32561473222223,1113946
32561473323212,1191389
32567412122222,2052887
32567412131312,2277867
32567412222212,2331297
32567413131212,1810793
32567413133333,1612130
32576142313223,1138348
32615473332122,1125391
32647152133121,1418711
32647153132121,950591
32647512333233,1744789
32657143121213,1667716
32657412111212,2095197
32671453123313,1838936
32674152113333,2329541
32714652332132,1035242
32716452123212,2193277
32741651121311,2187367
32741651131211,1679475
32741651211131,1329477
32741651311121,1290777
32741652111113,1213081
32741653111112,1390711
32745611223332,1141421
32745612313322,1700084
32745612322331,1040492
32751643321232,1374185
32754163211123,1197709
32756141233121,1416705
32761452121313,1762590
32761452122222,1502883
32761452222212,1264100
32761453121312,2523018
32761453133333,1871684
32765411112221,1330101
32765411121113,1224909
32765411131112,1846421
32765411133113,982770
32765411331113,1126689
32765412221312,1499714
32765412323222,1484642
32765413122212,1538823
32765413223312,1148711
32765413231223,1172141
32765413322312,1063665
34125672131213,1953365
34125672131312,2077283
34125672221222,1262642
34125673133333,1791021
34127651121113,1491924
34127651131112,1682840
34127651213111,1077064
34127651312111,1008602
34127652111311,1111686
34127653111211,1105276
34162752132212,2672672
34165271112212,1178730
34165271121311,1518862
34165271131211,1942142
34165271211131,1314611
34165271311121,1103006
34165271311133,1014446
34165272323333,1375747
34165273133312,2280851
34165273222322,950697
34165273311131,1026474
34167252213323,1448147
34172562132332,1772584
34172562313331,1187055
34175263321232,1406099
34216572213122,2243080
34261572132131,1056985
34261572133121,980596
34261573123121,846538
34265712212132,2157111
34275161312213,1369214
34275162112322,1636054
34275162213221,1828767
34516271111111,1620493
34516272312332,1392050
34516722313223,1993734
34517622231323,1423115
34521672223232,1177729
34526713232312,1573647
34527612211322,2460571
34527612231122,2198727
34527612231332,2049031
34527612331322,1892407
34527613312133,1801422
34561272122123,1350251
34561272122321,2138585
34561272212213,2786589
34561272213122,1678097
34561272232211,2338438
34561273221233,1508210
34561273233131,1707669
34561273311233,1639577
34561273313321,2205289
34561273321133,2094049
34561273321223,1623374
34561721111111,1592428
34562171321111,1120067
34562171321231,1562969
34562172232313,1341945
34567212223232,1714310
34617252111212,1983281
34617252123212,2062434
34617252132212,1695145
34617522221333,1398648
34621572132131,1192190
34625172111212,2013105
34627512232313,1289043
34651271123111,1141792
34651272332132,1238165
34675212222122,2207739
34715262221123,1550034
34716522223211,2006804
34721652121313,1905660
34721652131213,1537101
34721652221222,1877198
34721652222212,1899156
34721653333313,1662215
34725611212211,1146358
34725612111113,1064240
34725612121322,2251790
34725612231212,2258653
34725612231332,1553372
34725612322232,1405609
34725612331322,1554747
34725613111112,1938555
34725613111133,1185165
34725613132223,1100503
34725613311113,1087691
34761252323222,957372
35126741232212,1459016
35126742231233,2146534
35127462331331,1625187
35162472122231,1286093
35162472123233,1863500
35162473122221,1344810
35162473323131,1091618
35162473332122,1659772
35162473332131,1336167
35162742213323,1256196
35167242132212,1872120
35172461232323,1735136
35174262213131,1426336
35174262231113,2418664
35246171111111,1364627
35246171113322,1417507
35246172213311,1208410
35267141223233,1112621
35267141321132,2137412
35271461322233,1184605
35416721113112,1103197
35416723232213,1932049
35417622223133,2203962
35426712131132,1437590
35426712311312,1522669
35426713111313,1364387
35426713131113,1161669
35426713312211,1213420
35461271111231,1351253
35461271321231,1145868
35461272222323,1450921
35462171131313,1203397
35462171212121,1261707
35462171221223,1045472
35462171332331,1349565
35462172213311,1258468
35462172223331,1519031
35462172312131,1454704
35462173123211,1276932
35462173131311,1390949
35462173221221,1248688
35462712322322,1606893
35472163222313,979814
35472163231322,1473951
35476122221111,1502509
35614722321233,1446183
35617423131332,1425953
35624712121232,2156031
35624712321212,2563190
35624712321332,2053638
35624712331232,1655984
35714623111322,1705909
35721642221213,2550172
35762142222113,1209678
36125471111333,1191835
36125471212112,1492266
36125471213111,1025093
36125471222111,1840647
36125471312111,991640
36125472111311,1065108
36125472121223,1301309
36125473111211,1096243
36125473232222,1618117
36125473323233,1158922
36125743222331,1858160
36127451333222,1180038
36145272122222,1439915
36145272131213,2692356
36145272131312,2117039
36145273333313,2171173
36147251121311,1467987
36147251131211,2157325
36147251211131,1182855
36147251311121,1126776
36147252111113,1207335
36147253111112,1056495
36152741231312,2057573
36152742131321,1755727
36172452133133,2025790
36217452131333,1737891
36217541223311,1015119
36217543213112,1226622
36241573212332,1097610
36241753212311,1301982
36415272123212,1999857
36417522123311,1858668
36514272212111,1936556
36521472113321,1551531
36521472331121,1133686
36527411131133,1190649
36527412111113,1066996
36527412131222,1758173
36527412211322,2385770
36527412221312,1872442
36527412231122,1948949
36527412322232,1371984
36527413111112,1902188
36527413311311,1006294
36541272323222,966179
36542712121322,2086017
36547212121313,1554379
36547212122222,2320469
36547212131312,1835925
36547212221222,2193218
36547213331333,1510057
36712542121112,2149498
36712542121121,1887163
36712542121211,1952221
36712542122111,1378286
36714252232223,1365553
36714521232113,2120403
36714522121322,1860914
36714522122213,1787595
36714523132223,1516028
36714523132322,1159106
36721451131331,1054713
36721452121322,1580189
36721452122123,852592
36721452122213,1840575
36721452122321,1340633
36721452131111,1522585
36721452223232,1097726
36721453113113,1316823
36721453121111,1763718
36725411121212,2506065
36725411131313,1580046
36725411212121,1746925
36725411313131,2165617
36725412111212,2598247
36725412121112,2360534
36725412121211,2450177
36725412121232,2241411
36725412123212,2458098
36725412321212,2422558
36725413111313,1720210
36725413131113,1459075
36725413131311,2763792
36741252122123,1523513
36741252122321,2085151
36741252122333,1608478
36741252123323,2239113
36741253233131,1774569
36745211211221,911369
36745212121223,976227
36745212122312,1983702
36745212122333,1423067
36745212123323,1066637
36745212131111,1176198
36745212223232,1397549
36745213121111,1831351
36745213131131,1006341
36745213133111,1247417
36745213232213,1206949
36751243222322,1531985
36752142122132,1751459
36752142123221,1012691
36752143132232,1205707
36752143133222,1136932
36752143211132,1785585
36754123232222,2106736
37246511112233,1746455
37256142321233,1763862
37415622333221,1923052
37426513132313,1841446
37452162323312,1152733
37516422333311,1421909
37561241311112,972944
37612453122233,1508826
37612542221111,1545935
37614252221123,1292863
37614521111111,1459524
37614521323232,1023399
37614522111221,1087133
37614522113321,1823412
37614522313322,1479151
37614522323312,1202145
37614523232213,1699854
37615421113322,1711596
37615422211133,1599975
37615422223133,1977829
37615422313121,1871196
37615422313331,1991164
37615423121132,1589536
37624152311213,1833918
37624511232233,1218073
37624512121322,2596150
37624512231212,2111088
37624513131323,1465156
37624513231313,1404035
37641252222323,1699380
37642152213311,1531348
37642513122221,1106647
37645122312221,1073544
37651242211133,2042548
37651422312311,1619761
37652141113232,1520270
37652143231322,1407417
37654212311222,2059930
41236753232321,1385506
41237561313131,2397535
41263751312222,2359056
41325671212211,1346362
41325762313223,1574222
41325763131233,1247693
41352671212112,1713679
41352671212121,1829158
41352671222111,1893363
41357622313112,1105345
41367253111133,1501254
41532672313211,3768608
41532761233133,1306478
41563273113311,1618814
41576322212222,1351328
41625372313211,4741273
41625373121213,1505650
41625731222231,1555380
41635721212121,1918608
41657321222312,1209752
41673252212222,1862427
41673521111111,1379517
41723562313211,1946400
41725361232113,1453423
41725361321213,1967132
41725362221213,1649917
41725362313211,2520707
41725362313223,2108697
41725363121222,1942381
41725363121231,1879898
41725631111111,1997523
41725631211122,1281777
41725632322331,1029603
41725633111133,1480725
41725633121123,1309451
41725633211111,1294591
41726352313322,2003438
41726532312233,1864557
41735261323313,1560297
41735262312233,2247123
41735263123223,1144706
41735621233232,1253990
41735622313322,1949457
41736521233232,1390593
41736522332231,1390122
41752631222123,1368417
41752632311123,1432739
41752632312323,1305017
41752632313211,6336956
41756231321213,1864063
41756233121231,1389573
41762532221333,1494262
41762533123331,1428963
41765231233232,1160295
41765322221312,1220782
41765322313211,3383362
41765323122212,1176543
42136752131312,1986327
42137561123333,1542334
42137653122131,1528340
42137653132121,1125531
42157633231322,2026786
42163751121212,1868695
42165373223123,818356
42167532131333,1990458
42315673112111,1072692
42351671212211,1518335
42351763231133,2538900
42367153111121,1126620
42367153211123,1337411
42516372233111,1677403
42561733323122,1094556
42573612323231,1201301
42573613322231,1106484
42613572313211,1675389
42615371313332,2081119
42615372213311,1793066
42615372221213,1515258
42615372313211,2390744
42651372213311,1003321
42651733311122,1359918
42673512232133,1263677
42751632321233,1856758
42751632323231,1413898
43126572133313,2025871
43167251232212,1691723
43176252123131,1280587
43176252311132,1046855
43216573132121,1089182
43216573132223,1340528
43216573212311,1219629
43216573212332,1581498
43512671313332,1620314
43527612312323,1335684
43561271111111,1417055
43571262122222,1506447
43572161111111,1138245
43572612312323,1428199
43576211123222,1751970
43576212112232,1689229
43615271333312,1029706
43615272113321,1521936
43617521223221,1695001
43621752213323,1918117
43651722323132,1324580
43675122222122,1996662
43675211221331,1109178
43721653231313,1610122
43751623123313,1951513
43765212222122,2509851
45167323322231,1029735
45176231131313,3111820
45176231133113,2764858
45176231331113,2536198
45176233131113,3204647
45176321131133,4086801
45213672221123,1342263
45273162222122,1540538
45276131131133,1871612
45312671222312,1019804
45312672223331,1813598
45312672233321,1524006
45312672313211,4408617
45312673132313,1857771
45312673222112,986040
45312673231313,2138590
45312761113211,1418623
45312761133311,1548739
45312762221111,1804730
45312762311111,1656692
45321671212211,1608707
45321671221121,1560517
45321673113311,2465929
45327612222323,1572202
45362712122222,2002791
45367122223133,2175948
45367211111132,1504680
45367211211122,1904987
45367213111133,1627768
45376121131133,2430577
45376121331311,1579477
45376211333123,1084778
45376213131323,1792058
45376213333322,1446650
45612371133221,1232180
45612372331121,1145627
45612373112231,1312951
45612373132121,1055429
45612373132223,1711079
45612373322111,990020
45612373332122,913464
45612373332221,1280237
45613271331221,1176204
45613272233111,2102578
45621373123331,1683068
45621373211111,2309661
45621732212123,1395904
45621732233333,1674734
45623712332123,1126860
45623713322321,890611
45637123132121,1096851
45637123332122,1005842
45671231132231,909051
45671233112132,1223269
45673212212132,1344435
45673213211222,1780553
45713623223132,1219425
45721363321313,1326500
45721363322231,1288210
45732612233321,943265
45736121122211,1862005
46123571111111,1501836
46123573232123,2497758
46125731333123,1193756
46127351131313,1932200
46127352131333,2404220
46127353131323,2572627
46135272133313,2398480
46153273131131,1791472
46157233333232,1519465
46157321331233,1757799
46215372121223,1080654
46215372313211,3049905
46257132211133,1846056
46257313312211,2789687
46273512122312,1472982
46273513221212,1523691
46275311123222,1718951
46275312112232,1721688
46275312132212,1600463
46275312232133,1461512
46275312313211,2033753
46275313121222,2164312
46275313312211,1946881
46321752111131,1609993
46352171211233,1174673
46352172113231,1014190
46372511221331,1244234
46375211211332,1023328
46375212113111,1356584
46375212132131,1036157
46375212132221,1162101
46375212332222,1386128
46375213112111,1724551
46375213123121,1376478
46375213333121,935482
46512371331221,1406284
46512372113321,1705390
46513272332111,995967
46513273113221,1227461
46523711331332,1216803
46527133111121,1185741
46572311223122,1366961
46572312132122,1417639
46721533123313,1831366
47123562232133,2275694
47123651233232,1164982
47126351233232,1384451
47126532133133,1771731
47132562311111,1669260
47132563222331,1546797
47132652233321,1731323
47135622132332,1177236
47136252133112,2460267
47152361233232,1082969
47152631322131,1228920
47156231332313,1907405
47156233211132,1157699
47156233223312,1085682
47156233233113,2018139
47156233322312,1069321
47156321111111,1710446
47156321133311,1501863
47156322132311,1215340
47156322313232,864034
47156322332132,1107437
47156322332312,1138968
47156323223123,1045578
47162351322122,1070830
47163522131222,1120872
47165321232113,1854229
47165321322131,1781424
47165322132212,2211260
47165322133112,2597906
47165322232133,1821245
47165322313211,1874136
47216352131333,1846858
47251363131113,1659026
47251632131312,1702160
47256133212311,1436667
47256133321232,1508734
47265312122222,1703026
47265312131312,1605310
47265312313211,3915437
47321651311133,1546447
47352612123131,1144015
47352612311132,1320392
47352612313211,2146364
47512632312323,926689
47621532232331,883821
47621533231121,1212420
47632152233321,1364687
47632153212311,1385451
47632153232321,1330294
47632513212332,1724142
47652132231323,1578909
47653213211231,1634525
47653213232111,1104244
51264731113322,1043787
51264732213311,1222375
51267342312233,2500693
51324671211122,1283768
51324672212111,2024413
51324673113311,1822680
51324761111123,1631006
51324763113332,1254886
51342672212111,1671067
51342763312223,4660595
51367241211113,1268521
51423671221331,1115859
51426731111111,1679835
51426733312211,1482133
51472361131313,1549468
51472633331312,2306684
51623471321111,1227350
51623743313321,1880315
51624731312123,1597516
51624733323113,1974288
51632741323232,1212310
51642371122313,1595679
51642731113322,1782405
51647231113232,1103835
51723643131311,1883729
51724362122222,1189098
51724363121213,1619761
51726433123313,1532380
51732643121213,1609787
51742632323231,2021069
51742632323333,1492836
52134761232113,1546431
52147631121311,1593051
52147631131211,2027676
52147631211131,937091
52147631311121,1161610
52147632111113,1244685
52147633111112,1482109
52163471112122,1144581
52163471213111,892396
52163471312111,1147976
52163471333123,918845
52163472111311,1018322
52163472131222,1516810
52163473111211,1056487
52163473111331,1089263
52163473221323,1018976
52163473323332,1643700
52167342121232,1695552
52167432121313,1383495
52167432122222,2200960
52167432131213,2095664
52167433133333,2210555
52167433331333,1682131
52174633223123,1191293
52314673311311,2288823
52314761322122,1043594
52341671111111,4445122
52341671122211,1351311
52341671311313,1208993
52341672211112,1759785
52341672232313,1144526
52341672323222,1601755
52341672323312,1978497
52341673133111,1303725
52341673232213,1417611
52341673232333,1106523
52341673323212,2020889
52361472121313,2170512
52361472131312,1785867
52367142211121,1505254
52367412322232,1544016
52374161112323,1191006
52376413222223,1326755
52463173212332,1542618
52463713212332,1719400
52471631223113,1364369
52471631323112,1207249
52614372313211,2509893
52641733212311,1104375
52641733232321,1130351
52673413232123,909451
52713461232323,1247244
52714361232113,1695712
52714633213223,1036797
52714633223123,991212
52731641233112,982997
52731641323112,1050686
52736141322233,1650406
52741362313211,1561520
52741362313223,1670396
52741632122333,1891481
52741632123323,2395633
52741632212213,1652160
52741632212231,1574763
52741632232211,1465115
52741633221233,1381385
52741633313312,1428805
52741633313321,1591168
52741633321223,2035582
52741633323311,1403342
52743611111213,1311082
52743611111312,2098792
52743611112131,1270286
52743611113121,1453503
52743612131111,1130181
52743613121111,1334550
52761431111213,1425443
52761431111312,1587702
52761431112131,1244924
52761431113121,1296637
52761432131111,1201647
52761433121111,1112729
52763143222331,1677798
52763411222312,2186597
52763411333123,1307129
52763413222112,2187595
52763413223312,2336934
52763413322312,2328126
53126471231231,1456178
53126471231321,1575279
53126471321321,1467338
53146272123233,1768548
53147262123131,1350625
53162743312223,2828717
53274163211222,1888206
53421671321111,1786439
53421671321231,1040346
53426171112233,1336638
53462711113322,1757655
53467211321111,998524
53476121323112,1341759
53476121323322,1450483
53614721212121,1403301
53621471331221,1121855
53642171111111,1088036
53672142221213,2475960
53714622233111,2296860
53721463223312,1376071
53724612121112,2110314
53726143333121,1034705
53741621323112,1342046
53741621332112,1213572
53742612323333,1495341
53761242121211,1856465
53761242221213,1904955
53761242321212,1826636
53762143222331,1204578
53762413322123,1249939
54123673233323,1686625
54126371331221,1152884
54127632131213,2025198
54127632222212,1449096
54127633131212,1890366
54127633133333,2213274
54127633333313,1988959
54163271133221,1259041
54163272233111,2533972
54167231121113,1299723
54167231131112,1894743
54167231221211,1357918
54167231333213,1465035
54167232112112,1044999
54167232133313,2319146
54167232333113,1442658
54167233232333,1759862
54167233331213,2187500
54172633132313,2185199
54217362233213,2489478
54217632132212,2374490
54231671123111,1140413
54231673123121,910109
54261373123121,919085
54261732231233,1322733
54276132233312,1440268
54312671131331,1259033
54312672212111,1037337
54312673311311,2218619
54317261113112,1191693
54317621111222,1322864
54321672212213,2093328
54321672212231,1764382
54321672232211,1988540
54321673313312,2519831
54321673313321,2805108
54321673323311,2701984
54321761211221,1532141
54321763113113,1778191
54326171111231,1692335
54326171112233,1269880
54326171321231,1301754
54326711112212,1664087
54327612223232,1516785
54361272223232,1270950
54362171113133,1480444
54362711111231,980045
54362711323112,1354388
54367121112212,1379885
54367121113211,1206349
54367121113331,1846433
54367122211121,1193347
54367122311111,1390220
54367123311113,1279021
54367211132222,1851059
54367211213333,1918275
54367211222132,2258547
54367211333213,1562342
54367212211322,2372753
54367212231122,2088908
54367212233213,1403942
54367212332213,1511395
54367212333113,1526445
54367213112222,2225884
54367213312133,1903421
54371261113331,1232148
54371621113112,1618272
54371621113322,945269
54376121322233,1865860
54376211111132,1531877
54376211111222,1613590
54376211113133,1293586
54612371112311,1730478
54612372222131,1150598
54612732112223,1755906
54612733322213,1795583
54621371133311,1483425
54621372211121,1861238
54637211132111,994148
54671232221213,1757231
54712361323313,1711742
54712362223322,2185700
54716232222113,1599776
54716321112323,1842697
54716322313223,1701330
54721631111111,6454957
54721631122121,1221828
54721631311133,1575140
54721632133232,1035943
54721632212222,1824340
54721632212231,1597050
54721633231322,1330576
54721633313321,1550176
54721633333331,1294973
54723612131312,2362271
54723612221222,2341433
54723612222212,1828412
54723613121312,2370062
54723613333313,1365639
54761233322321,1141429
54763212322232,1336702
56123471222312,1365987
56123471223221,1455302
56123471331332,1872175
56123471333123,1501985
56123472322121,1486535
56123472331331,1510234
56123473133132,1708251
56123473133231,1456889
56123473222112,1501356
56123473223312,1280240
56123473322312,1242880
56124371111231,919289
56124371232323,1878604
56127433332323,1661238
56132472333332,2005610
56132473211111,1287670
56132473213211,1093446
56143273332323,1811228
56147231222132,2744334
56147231333213,1736499
56147232233213,2031251
56147232332213,2089876
56147232333113,1795448
56147322333233,2931057
56173421113112,943359
56174232323333,1496764
56174321232113,2237994
56213471111111,1702452
56213743313333,2774924
56243173133111,1727062
56243713121333,1354503
56247132333233,1204443
56271433111313,2031635
56271433123313,1553761
56271433132313,2116296
56274132331133,1339697
56274312313211,2134292
56321473233323,1360173
56321742211112,1833165
56324171221331,1099481
56327411211332,1175317
56327413213112,1127221
56341273121213,1944723
56341273131212,1671559
56347122333233,1662445
56347211213111,1287383
56347211222132,1620705
56347211312111,1303745
56347211331131,878070
56347212111221,1677561
56347212111311,1618399
56347212123233,1470806
56347212232223,1132073
56347213111211,1544872
56347213131332,1339942
56423171231231,1195213
56423171231321,1183915
56423171321321,1111231
56423172112121,1504321
56423173132121,1086624
56423173133111,1139722
56432713122122,1843271
56712341232113,1035411
56712343211123,1585754
56721343123331,1651602
56721432312233,2100383
56723411113313,992392
56723411121113,1152163
56723411131112,1961070
56723411222312,1230124
56723412122312,1446220
56723412323222,1427297
56723413221212,1638258
56723413222112,1229534
56723413331111,1067659
56732143122113,1534809
56741231121311,1447252
56741231131211,2090434
56741231211131,1785346
56741231311121,1138241
56741232111113,1373441
56741233111112,1366901
56743212122222,2157704
56743212221222,2508914
56743213121213,1748298
56743213121312,1895082
56743213331333,1768471
57123461111111,1486253
57164322131312,1621265
57214361323232,942615
57214632212213,2652670
57236141113232,1418875
57236141322233,1417071
57236141323232,1546449
57241631322113,895948
57241631323112,911457
57246131112233,1720748
57264132111323,1893476
57321641311112,1070543
57321642311132,1215141
57364212213311,2133433
57364212313211,1634734
57364213332122,1268268
57642311113322,1400468
61234572231323,1743503
61234573232213,1373246
61235741313131,2980897
61257343232123,1506905
61274351313131,2013233
61274532231323,1630922
61352472233321,906593
61352472313211,4137322
61452731311313,1308687
61453721111111,1332904
61453721311112,1181598
61453723111121,998210
61472532123332,1436856
61472533112111,963247
61527431111111,1765191
61534272311132,1986514
61534721112311,1088042
61534721113211,976977
61543271111111,1856884
61543271112311,1522268
61572432312323,1289816
61734523222331,1714397
62134572321323,1380583
62135471122121,1863477
62135472132131,1158508
62135473122131,1437168
62135473123121,1894880
62135473131131,1546897
62135473132121,1397519
62135473232231,1247717
62135473322321,937003
62135743222331,1070181
62135743312223,2117026
62147353123121,1594099
62147353132121,1234572
62154733321121,862179
62157342132212,1886300
62173543232132,1303059
62174351122133,1857691
62174533311212,1457637
62317453112111,1055066
62317453312211,1385304
62351743112123,2232282
62371453311311,1205281
62374511322311,1092338
62374513112321,1317736
62374513312112,995463
62435172211133,1947768
62435172311132,2522151
62435711222222,1506448
62453713311122,1894895
62471532232133,1479591
62475131322323,1040062
62531472321233,1691031
62543711211113,1032293
62543711311112,1429365
62571432321233,1972420
62735143223213,1504158
63125741112323,1942383
63125743131233,1551822
63125743133312,1412204
63142571111111,1464310
63142571132321,2866596
63142573112123,2105032
63172452312323,989947
63172452313211,2379814
63174522332132,1104902
63247511123132,1450571
63251743133231,1441747
63452711311313,1265974
63452712333221,1230355
63471522123131,1624623
63471522323132,1501886
63471522332132,1120922
63472512123332,1815590
63512743313333,2637688
63541271212211,2744586
63542713121333,2171947
63574212123131,866243
63574212313211,2218776
63712542221111,1440943
63714252123131,1940505
63714521112323,2135926
63714522332132,1007422
63721541233322,1240325
63724153121213,2035906
63725141112323,2241738
63725141233121,1378964
63725142123131,2461427
63725142223133,2457998
63725143122113,1521413
63725143123313,2014153
63741252222323,1541246
63741522123131,1639549
63742511232221,1223144
63745123122212,980897
63751242221321,1517131
63751423122311,1539524
63752141111111,1418075
63752141122211,1728266
63752141123213,1325493
63752142332132,1344519
63752143123223,953716
63752143212323,1268859
63752143223123,1110221
63752411223212,1181590
63752411333213,1477926
63752412312323,1623622
63752412322112,1139628
63752412333113,1718315
63754213122122,1616219
64125371131313,2236991
64157321133212,3512614
64231572311132,1425683
64257131113223,1332407
64271533221212,1527180
64275131212223,1988601
64275131312123,1605350
64275132211133,2282334
64275132232133,1885940
64275133231112,1612623
64275133312211,1281689
64275311112332,1540727
64275311222222,1519108
64275313312211,1513866
64321572111131,1709874
64321572132131,1425264
64321572311132,1390717
64325713121222,2943001
64351272132131,1317005
64357212313211,1711981
64357213231322,2662871
64357213312211,2031317
64531271212211,2769906
64531272132131,1163084
64531273122131,1117275
64531273123121,1095517
64531273311311,1164254
64531273312211,1529560
64572131122223,1108566
64713253112111,993517
65123471112311,1160597
65123471233232,1003889
65123472312311,1354635
65132471212112,1469406
65132471222111,1066299
65132471231321,1762187
65132471323121,1171088
65132472131231,1298157
65132472212231,1659701
65132472233321,2065251
65132473111331,1171604
65132473313312,934623
65132473323311,1184997
65132741223323,1007838
65132743222331,1317006
65134721233232,1117230
65147321232113,2181600
65172431132333,1978092
65174232123131,1366477
65174232133313,2076975
65174232323312,1588458
65174233323212,1449393
65174233331213,2051299
65174322313211,1487417
65174323223123,1101356
65213741111111,1525373
65241371111111,2042522
65243712121322,2345768
65271341332331,1390957
65271432231233,1371564
65274131111111,1719033
65274131311313,1044785
65274131312213,1308605
65274132123332,1613345
65274133132223,1203934
65274133232321,1089919
65274133312223,1695814
65314272311132,1043696
65314272313211,2226675
65321472111122,1529057
65417321232113,1627579
65417323223123,1217703
65417323232123,1378362
65423713321322,1939388
65432173232321,1373433
65471231132213,1748493
65714323223123,1408548
65723143321313,1301993
65732411333123,1944911
65742311212313,1211338
67132541133311,3412926
67145323133312,1488018
67154233323332,1810134
67215343333133,1944654
67231541323112,1593482
67231543323122,1328789
67234513332122,1177790
67245131313323,1273707
67245311112311,2150462
67245311133233,1442877
67254311131133,1898900
67254313311113,1091591
67312452233321,1522443
67312541121221,1199332
67312542221111,1881211
67321451111123,1654697
67321451112311,1053688
67321451212211,2404974
67321451311133,1716429
67321452111122,1531680
67321453113311,1500247
67321542232133,1245288
67341252222323,1688239
67342512222113,1300400
67345122223133,2553074
67345122232133,2193068
67345211111123,885937
67345211111132,1407066
67345211112233,1324695
67345211113322,1769381
67345211211122,1909250
67345211311133,1330439
67345212111122,1761191
67345213111133,1590055
67354121111111,1524424
67354211212121,1088158
67354211313113,2080621
67354211333111,1552154
67354212111221,1131940
67354212212222,1478505
67354212311132,1547336
67354213111313,1850400
67354213131311,1752393
67354213211132,1643638
67354213313333,1345076
67412353132121,1398132
67412353332221,1269367
67412531131133,1264739
67435121332112,976360
67435123123121,990589
67452313321232,2347084
71234563231322,1446531
71263541333222,1982596
71263542323123,1866100
71264533131323,1545571
71264533221323,1551692
71264533231223,1993832
71264533231313,1891497
71326451211311,1173355
71326453132121,1125953
71326543333313,2394426
71345262132131,1114279
71362453113311,1568153
71365423331312,1955964
71423563213232,1173058
71423653213232,1122007
71426353312211,1644347
71426533333223,2032571
71432561232323,1145175
71432561323232,1109813
71432562111221,1165320
71432563232213,1399419
71432563323113,1336369
71432563323122,1502100
71432563332113,1420149
71435261322233,1900007
71435262222122,1603754
71435263211123,1845252
71435263311122,1950682
71435263333133,1685344
71435263333223,1722192
71435623333331,1808176
71436253333112,1592217
71452363213232,1153445
71452632222131,1860341
71453262222221,1526119
71453623311122,2153148
71456321322323,1621400
71456322111221,1194907
71462531113322,1680186
71462532111212,1217401
71462532121112,1177193
71462533111223,1523130
71462533221113,1500112
71463523331222,1158867
71523463131311,1997327
71523463231313,1649210
71523463331312,1935860
71532463221332,1114920
71534262122222,1345495
71542633132322,1607638
71543622111131,1042272
71543623111121,1123232
71546233331213,2020009
71546322231212,1611473
71562433123232,967547
71563243221221,1371539
71625433213133,1946694
71643252231212,1781980
71643523331213,2833938
72134562312212,1547386
72136541322233,953389
72143563222331,1000904
72143651121113,1624825
72143651131112,1741925
72143651213111,902231
72143651312111,1166373
72143652111311,1058326
72143653111211,1022207
72145631233223,1095507
72145633232231,1155188
72145633312223,1817369
72146352232223,2029149
72163452122222,2141846
72163453121213,1711253
72163453131212,2161476
72163453133333,1749624
72163453331333,2028512
72164353131113,1984144
72165431113331,979153
72165432111113,1172315
72165432111122,1491690
72165432211112,1097448
72165432323312,876123
72165433111112,1008361
72165433121333,1590943
72165433221233,1136904
72165433233323,1836630
72165433321223,980078
72165433331213,1724711
72345611111111,1621213
72345611133113,951133
72345611221223,976977
72345611222222,1421611
72345611331332,1046317
72345612122111,1330327
72345612331331,916898
72345613221221,819778
72345613333331,1226861
72356141112323,1245966
72356141232113,982546
72356143211123,1177556
72361453232333,1015115
72361542333233,2141387
72365412222212,1590577
72365413121312,2306943
72365413131212,1662519
72365413331333,1280180
72435163333313,1633473
72513641232323,1349242
72513641233322,1296601
72516342313223,1641699
72531463321232,1528546
72534163211123,1672623
72541631111213,1445867
72541631111312,1649216
72541631112131,1235592
72541631113121,1346518
72541632131111,1061925
72541633121111,1415360
72543162311111,1043520
72543163211111,1172477
72543611221223,1423460
72543611223221,1502177
72543611331332,1581834
72543611332331,1449596
72543612331331,1490563
72543613132232,1758596
72543613133222,1377382
72543613221221,1418705
72543613223312,1682794
72543613322312,1767353
72546311323112,1121301
72546313323212,1445594
72561342313223,1768907
72561432213122,2334445
72561433221233,1465216
72561433311233,2423893
72561433321133,1856617
72561433321223,1791093
72563411111213,1266508
72563411111312,1736601
72563411112131,1832012
72563411113121,1229461
72563412131111,1113563
72563413121111,1117953
72643513212311,1431131
72643513212332,1125761
73125463133132,1224730
73146522113231,966375
73246153312211,1067009
73456123231322,1580498
73516243323113,1115314
73516243332131,1122705
73541262321212,1783085
73542163321133,1878550
73542613132121,1152468
73542613132322,1230231
73564213321322,1886673
73614251112323,1494990
73615241112323,2156425
73615241113322,1760464
73615242223133,2112238
73615243123313,1911805
73615243213313,2142393
73615243331312,1434583
73615243332311,1432474
73615421113322,1236134
73615423213211,2092352
73615423333331,1473858
73624513121132,2650866
73624513332131,1456007
73625141112323,1521532
73625143121213,1599719
73625143333313,1032059
73625412222323,1416087
73642511111111,1701986
73642511113232,1927926
73642511113322,1702049
73642513223222,1834121
73645121113211,1287020
73645122222311,1379734
73645211223113,1008858
73645211231111,1323235
73645211321111,1041981
73645211332112,1552137
73645213112231,1160310
73645213333112,1481422
73651241113322,1140180
73652413211312,1603039
73652413331321,1259841
73654122111122,1886695
73654122221111,1261069
73654211111132,1633468
74123563323221,1011645
74123652322121,1505924
74123653132232,2118063
74123653133132,1560973
74123653133222,1467031
74123653133231,1444535
74125631313311,944155
74125632121121,1359524
74125632122111,1296432
74125632131111,1764444
74125632321332,1139637
74125633121111,1526645
74125633131233,1517911
74125633132232,928222
74125633133222,1103104
74125633133312,1789790
74125633332323,1689205
74126352333122,1936438
74132561321231,1444013
74132562121121,1387789
74132562122111,1297167
74132563131221,1663003
74132563132112,1290561
74136522322121,1359908
74152363132232,1427548
74152363133132,1366470
74152363133222,1596001
74152363133231,1240633
74156322122123,1275535
74156322122321,1171283
74156322313223,1287609
74156323132331,1010137
74156323133123,1278389
74163251121122,1247180
74163252112211,986202
74163252131111,2069291
74163253121111,1375775
74163253131332,1455570
74163253133132,1195676
74163253133213,1625091
74163253133231,1162472
74163253332323,1323585
74165231121212,1609595
74165231131313,2187829
74165231212121,2127920
74165231313131,1569075
74165232111212,2228003
74165232121112,1766539
74165232121211,1513552
74165233111313,2450047
74165233131113,2271603
74165233131311,2471134
74165233131323,2357810
74165233132313,2759389
74165233231313,2578348
74213652323132,1246420
74251633111313,1780125
74256311321222,2612554
74256313111232,2534134
74265312333233,1244466
74312652333332,1153414
74321563311131,1638132
74321653233323,1625567
74325163131323,1451776
74325612221222,2076159
74325613121312,2311025
74325613131212,1882090
74325613133333,1219718
74361253112132,1546723
74361253211231,1042255
74365211121221,1017413
74365211213111,1253467
74365211312111,1343631
74365211313113,1348685
74365211333111,972338
74365212111311,1208845
74365212222323,982484
74365212333332,1267554
74365213111211,1290859
74365213121333,1258592
74512361322233,1612903
74512362313223,1248303
74513263121222,2163248
74521632222212,1838771
74521633121213,1594503
74521633121312,1648798
74521633133333,1888018
74521633333313,1917723
74523611121113,1171873
74523611131112,2175404
74523611213111,1320288
74523611312111,965572
74523612111311,1232662
74523613111211,1020370
74532163123223,1100677
74561231111222,1209486
74561232111113,1270512
74561232221111,1536817
74561233111112,1376388
74561233131233,1041100
74561233233323,1524416
74561233311233,1056248
74561233321133,1461741
74561233321313,1698929
74563211232332,1266662
74653213133222,1345957
75132463233233,1488483
75143263231313,2199742
75146321323331,1190527
75213642223133,1618766
75231463211123,2477286
75234161322233,1468202
75234162221111,1446259
75236143213232,1224753
75241632222323,1447240
75243162211322,2801040
75243611113232,1432039
75243613213232,1173544
75246131333312,1297168
75246311111111,3154126
75246313212311,1610625
75246313312211,1550402
75246313332332,1281915
75261432123233,1622552
75264132121232,1845219
75264132223331,1605335
75264132321212,1204364
75264133121333,1646527
75264133331213,1388278
75264311223122,1466319
75264313231112,1607370
75312463333133,2347167
75314621133221,1133680
75314621313212,2269495
75314623113122,991947
75316241231231,1319924
75321461311112,1096866
75321463132121,1063397
75346122133133,1503459
75346211133122,1428521
75346211211311,1542610
75346211311211,1099571
75346212323333,1601355
75346213112132,935561
75346213132121,1039582
75346213132322,1741431
75346213332122,1435842
75412631223332,1119781
75416323232213,1668424
75431263133213,1691732
75462132123212,2425975
75613243131332,1504248
75613243133213,1201462
75634123323122,1484260
75641323232111,1305463
75642132213311,1031257
76123453233323,1514562
76125343333133,2056954
76143252131312,2085141
76143252221222,1156376
76143253131212,2251610
76143253331333,1486031
76143253333313,2670534
76145231121113,1330297
76145231122112,2264723
76145231131112,1952456
76145231221112,2169073
76145231311331,974910
76145232123332,1112185
76145232233213,2377229
76145232331313,1533626
76145232332213,2426845
76145233133213,1724593
76145233232333,1371183
76154323333112,1525185
76213543213133,1758070
76213543311332,1227285
76215341231231,1200043
76215433333133,1955498
76231451123111,1152688
76245311121131,1029628
76245311131121,1011504
76245311213312,1296291
76245312132131,1189795
76245313122122,1322917
76245313123121,1157150
76253141123132,955812
76253141211332,1161497
76253413322312,1453367
76254133311323,2853014
76254313211111,2548595
76312452212111,1756589
76312453211111,1378618
76312453311311,1396091
76312542321212,1156949
76312542322121,1025633
76312543322222,1733149
76315241112113,1438732
76315241113112,1192902
76315241223113,1229244
76315241322122,1071349
76315241323313,1357213
76315241332112,973872
76315243211231,1032322
76315243323323,1382990
76321452122123,1480412
76321452122321,1850217
76321452122333,1606861
76321452123323,2323715
76321452212231,1822489
76321452213122,1700025
76321453233131,1486923
76321453311233,1936935
76321453313312,1845742
76321453321133,2603722
76321453323311,1912539
76321542211112,2165799
76321543211111,1496923
76321543311131,1687821
76324151112233,1374349
76324151112323,1600215
76324153323122,1101759
76325411111213,1154414
76325411111312,2482632
76325411112131,1016328
76325411113121,1276694
76325411122121,1099800
76325411331311,1098882
76325412112121,1382127
76325412231212,2453569
76325412333233,1195964
76325413222223,1187762
76341251111213,1638053
76341251111312,1592815
76341251112131,1621829
76341251113121,1241908
76341251221121,1261272
76341251311313,1502395
76341252232313,1426146
76341252323333,1346427
76341253221212,1716403
76341253233131,1054951
76342511111231,943993
76342511111321,1259740
76342511323112,1049945
76342512232223,1235522
76342513213112,1587508
76342513322111,1800862
76342513323122,1234058
76342513323212,1505674
76345122211112,1307178
76345122211121,1156917
76345122213311,1183521
76345122311111,1463123
76345123211111,1209864
76345123311113,1303227
76345123311131,1288770
76345123312211,1202613
76351421112323,1781413
76351421113322,1012206
76351423321232,1369933
76354121121212,1231333
76354121122121,1027033
76354121311313,1313275
76354121313131,1459399
76354122111212,1336812
76354122112121,1292312
76354122212222,1496725
76354123211123,1488363
76354123211132,1338914
76354123313333,2047637
76354212213323,1046698
76354212312233,1480746
76354212313322,2048931
76354212333332,1510004
76354213222223,1115528
76354213312223,1036258
76421351131121,1076881
76512343213313,2407537
76512343332311,1734111
76514321112323,1842452
76514321232113,1633630
76521433232333,1037646
76523413223231,1229616
76524313331222,1855349
76541232131213,2225036
76541232221222,1289443
76541233121213,1827935
76541233331333,1324168
76541233333313,1543982
76543211111111,3195681
76543211212112,1790215
76543211223221,1003648
76543211332331,813871
76543211333333,1147417
76543212132323,991058
76543212222221,974108
76543212323213,1151835
76543213113131,1081644
